URL_light;Volume;Capacite;Utilise
"vserver=pd_as_an_d1_50&amp;volume=vol_pd_as_an_d1_50_data";vol_pd_as_an_d1_50_data;100GB;908.9MB
"vserver=pd_as_an_d1_50&amp;volume=vol_pd_as_an_d1_50_logs";vol_pd_as_an_d1_50_logs;50GB;18.94GB
"vserver=pd_as_ap_d1_50&amp;volume=vol_pd_as_ap_d1_50_data";vol_pd_as_ap_d1_50_data;35GB;18.94GB
"vserver=pd_as_ap_d1_50&amp;volume=vol_pd_as_ap_d1_50_logs";vol_pd_as_ap_d1_50_logs;171GB;100.4GB
"vserver=pd_as_cj_d1_50&amp;volume=vol_pd_as_cj_d1_50_data";vol_pd_as_cj_d1_50_data;250GB;93.37GB
"vserver=pd_as_cj_d1_50&amp;volume=vol_pd_as_cj_d1_50_logs";vol_pd_as_cj_d1_50_logs;125GB;6.72GB
"vserver=pd_as_cn_d1_50&amp;volume=vol_pd_as_cn_d1_50_data";vol_pd_as_cn_d1_50_data;1022GB;45.66GB
"vserver=pd_as_cn_d1_50&amp;volume=vol_pd_as_cn_d1_50_logs";vol_pd_as_cn_d1_50_logs;54GB;2.17GB
"vserver=pd_as_df_d1_50&amp;volume=vol_pd_as_df_d1_50_data";vol_pd_as_df_d1_50_data;540GB;132.8GB
"vserver=pd_as_df_d1_50&amp;volume=vol_pd_as_df_d1_50_logs";vol_pd_as_df_d1_50_logs;19GB;1.87GB
"vserver=pd_as_en_d1_50&amp;volume=vol_pd_as_en_d1_50_data";vol_pd_as_en_d1_50_data;2TB;1.36TB
"vserver=pd_as_en_d1_50&amp;volume=vol_pd_as_en_d1_50_logs";vol_pd_as_en_d1_50_logs;143GB;85.70GB
"vserver=pd_as_ep_d1_50&amp;volume=vol_pd_as_ep_d1_50_data";vol_pd_as_ep_d1_50_data;4.88TB;2.37TB
"vserver=pd_as_ep_d1_50&amp;volume=vol_pd_as_ep_d1_50_logs";vol_pd_as_ep_d1_50_logs;100GB;22.20GB
"vserver=pd_as_et_d1_50&amp;volume=vol_pd_as_et_d1_50_data";vol_pd_as_et_d1_50_data;126GB;3.28GB
"vserver=pd_as_et_d1_50&amp;volume=vol_pd_as_et_d1_50_logs";vol_pd_as_et_d1_50_logs;18GB;127.6MB
"vserver=pd_as_ge_d1_50&amp;volume=vol_pd_as_ge_d1_50_data";vol_pd_as_ge_d1_50_data;700GB;424.3GB
"vserver=pd_as_ge_d1_50&amp;volume=vol_pd_as_ge_d1_50_logs";vol_pd_as_ge_d1_50_logs;21GB;4.70GB
"vserver=pd_as_if_d1_50&amp;volume=vol_pd_as_if_d1_50_data";vol_pd_as_if_d1_50_data;100GB;1.02GB
"vserver=pd_as_if_d1_50&amp;volume=vol_pd_as_if_d1_50_logs";vol_pd_as_if_d1_50_logs;20GB;221.8MB
"vserver=pd_as_mn_d1_50&amp;volume=vol_pd_as_mn_d1_50_data";vol_pd_as_mn_d1_50_data;18TB;7.63TB
"vserver=pd_as_mn_d1_50&amp;volume=vol_pd_as_mn_d1_50_logs";vol_pd_as_mn_d1_50_logs;54GB;30.63GB
"vserver=pd_as_pl_d1_50&amp;volume=vol_pd_as_pl_d1_50_data";vol_pd_as_pl_d1_50_data;325GB;198.4GB
"vserver=pd_as_pl_d1_50&amp;volume=vol_pd_as_pl_d1_50_logs";vol_pd_as_pl_d1_50_logs;54GB;27.62GB
"vserver=pd_as_px_d1_50&amp;volume=vol_pd_as_px_d1_50_data";vol_pd_as_px_d1_50_data;1.46TB;346.9GB
"vserver=pd_as_px_d1_50&amp;volume=vol_pd_as_px_d1_50_logs";vol_pd_as_px_d1_50_logs;18GB;530.3MB
"vserver=pd_as_re_d1_50&amp;volume=vol_pd_as_re_d1_50_data";vol_pd_as_re_d1_50_data;100GB;42.27GB
"vserver=pd_as_re_d1_50&amp;volume=vol_pd_as_re_d1_50_logs";vol_pd_as_re_d1_50_logs;35GB;1.30GB
"vserver=pd_as_rh_d1_50&amp;volume=vol_pd_as_rh_d1_50_data";vol_pd_as_rh_d1_50_data;18GB;1.12GB
"vserver=pd_as_rh_d1_50&amp;volume=vol_pd_as_rh_d1_50_logs";vol_pd_as_rh_d1_50_logs;18GB;463.3MB
"vserver=pd_as_ri_d1_50&amp;volume=vol_pd_as_ri_d1_50_data";vol_pd_as_ri_d1_50_data;3.91TB;2.72TB
"vserver=pd_as_ri_d1_50&amp;volume=vol_pd_as_ri_d1_50_logs";vol_pd_as_ri_d1_50_logs;18GB;970.3MB
"vserver=pd_as_rp_d1_50&amp;volume=vol_pd_as_rp_d1_50_data";vol_pd_as_rp_d1_50_data;21TB;6.99TB
"vserver=pd_as_rp_d1_50&amp;volume=vol_pd_as_rp_d1_50_logs";vol_pd_as_rp_d1_50_logs;54GB;2.01GB
"vserver=pd_as_st_d1_50&amp;volume=vol_pd_as_st_d1_50_data";vol_pd_as_st_d1_50_data;350GB;142.2GB
"vserver=pd_as_st_d1_50&amp;volume=vol_pd_as_st_d1_50_logs";vol_pd_as_st_d1_50_logs;21GB;10.30GB
"vserver=pd_as_ut_d1_50&amp;volume=vol_pd_as_ut_d1_50_data";vol_pd_as_ut_d1_50_data;700GB;214.2GB
"vserver=pd_as_ut_d1_50&amp;volume=vol_pd_as_ut_d1_50_logs";vol_pd_as_ut_d1_50_logs;36GB;3.75GB
"vserver=pd_aus_COM&amp;volume=vol_pd_aus_COM";vol_pd_aus_COM;200GB;61.57GB
"vserver=pd_aus_DEP&amp;volume=vol_pd_aus_DEP";vol_pd_aus_DEP;520GB;48.88GB
"vserver=pd_aus_ECH&amp;volume=vol_pd_aus_ECH";vol_pd_aus_ECH;45TB;26.91TB
"vserver=pd_aus_ESP_U&amp;volume=vol_pd_aus_ESP_U";vol_pd_aus_ESP_U;6TB;3.66TB
"vserver=pd_aus_ESP_Z&amp;volume=vol_pd_aus_ESP_Z";vol_pd_aus_ESP_Z;16TB;8.83TB
"vserver=pd_aus_GEN&amp;volume=vol_pd_aus_GEN";vol_pd_aus_GEN;6TB;5.40TB
"vserver=pd_aus_HAB&amp;volume=vol_pd_aus_HAB";vol_pd_aus_HAB;131TB;118.4TB
"vserver=pd_aus_POL&amp;volume=vol_pd_aus_POL";vol_pd_aus_POL;3TB;1.61TB
"vserver=pd_aus_RFS&amp;volume=vol_pd_aus_RFS";vol_pd_aus_RFS;14TB;11.81TB
"vserver=pd_aus_VER&amp;volume=vol_pd_aus_VER";vol_pd_aus_VER;1TB;682.6GB
"vserver=pd_aus_gen_mad&amp;volume=vol_pd_aus_gen_mad";vol_pd_aus_gen_mad;6.84TB;90.01GB
"vserver=pd_aus_rfs_mad&amp;volume=vol_pd_aus_rfs_mad";vol_pd_aus_rfs_mad;14.65TB;612.5MB
"vserver=pd_dpt_if_d1_50&amp;volume=vol_pd_dpt_if_d1_50_data";vol_pd_dpt_if_d1_50_data;2.50TB;1.66TB
"vserver=pd_ls_ut_d1_50&amp;volume=vol_pd_ls_ut_d1_50_data";vol_pd_ls_ut_d1_50_data;500GB;49.15GB
"vserver=pd_pdc_ut_d1_50&amp;volume=vol_pd_pdc_ut_d1_50_data";vol_pd_pdc_ut_d1_50_data;50GB;7.36GB
"vserver=pd_as_an_d1_00&amp;volume=vol_pd_as_an_d1_00_data";vol_pd_as_an_d1_00_data;100GB;52.21GB
"vserver=pd_as_an_d1_00&amp;volume=vol_pd_as_an_d1_00_logs";vol_pd_as_an_d1_00_logs;110GB;85.88GB
"vserver=pd_as_ap_d1_00&amp;volume=vol_pd_as_ap_d1_00_data";vol_pd_as_ap_d1_00_data;250GB;75.23GB
"vserver=pd_as_ap_d1_00&amp;volume=vol_pd_as_ap_d1_00_logs";vol_pd_as_ap_d1_00_logs;35GB;8.98GB
"vserver=pd_as_df_d1_00&amp;volume=vol_pd_as_df_d1_00_data";vol_pd_as_df_d1_00_data;1.46TB;537.9GB
"vserver=pd_as_df_d1_00&amp;volume=vol_pd_as_df_d1_00_logs";vol_pd_as_df_d1_00_logs;54GB;39.75GB
"vserver=pd_as_en_d1_00&amp;volume=vol_pd_as_en_d1_00_data";vol_pd_as_en_d1_00_data;53GB;12.68GB
"vserver=pd_as_en_d1_00&amp;volume=vol_pd_as_en_d1_00_logs";vol_pd_as_en_d1_00_logs;18GB;65.16MB
"vserver=pd_as_if_d1_00&amp;volume=vol_pd_as_if_d1_00_data";vol_pd_as_if_d1_00_data;800GB;402.7GB
"vserver=pd_as_if_d1_00&amp;volume=vol_pd_as_if_d1_00_logs";vol_pd_as_if_d1_00_logs;20GB;4.71MB
"vserver=pd_as_mn_d1_00&amp;volume=vol_pd_as_mn_d1_00_data";vol_pd_as_mn_d1_00_data;808GB;446.1GB
"vserver=pd_as_mn_d1_00&amp;volume=vol_pd_as_mn_d1_00_logs";vol_pd_as_mn_d1_00_logs;72GB;3.04GB
"vserver=pd_as_pl_d1_00&amp;volume=vol_pd_as_pl_d1_00_data";vol_pd_as_pl_d1_00_data;18GB;7.56GB
"vserver=pd_as_pl_d1_00&amp;volume=vol_pd_as_pl_d1_00_logs";vol_pd_as_pl_d1_00_logs;18GB;164.1MB
"vserver=pd_as_px_d1_00&amp;volume=vol_pd_as_px_d1_00_data";vol_pd_as_px_d1_00_data;200GB;16.99GB
"vserver=pd_as_px_d1_00&amp;volume=vol_pd_as_px_d1_00_logs";vol_pd_as_px_d1_00_logs;60GB;720.7MB
"vserver=pd_as_re_d1_00&amp;volume=vol_pd_as_re_d1_00_data";vol_pd_as_re_d1_00_data;5.86TB;1.21TB
"vserver=pd_as_re_d1_00&amp;volume=vol_pd_as_re_d1_00_logs";vol_pd_as_re_d1_00_logs;1000GB;388.8GB
"vserver=pd_as_rh_d1_00&amp;volume=vol_pd_as_rh_d1_00_data";vol_pd_as_rh_d1_00_data;750GB;66.49GB
"vserver=pd_as_rh_d1_00&amp;volume=vol_pd_as_rh_d1_00_logs";vol_pd_as_rh_d1_00_logs;18GB;5.77GB
"vserver=pd_as_ri_d1_00&amp;volume=vol_pd_as_ri_d1_00_data";vol_pd_as_ri_d1_00_data;12TB;3.21TB
"vserver=pd_as_ri_d1_00&amp;volume=vol_pd_as_ri_d1_00_logs";vol_pd_as_ri_d1_00_logs;70GB;4.90GB
"vserver=pd_as_rp_d1_00&amp;volume=vol_pd_as_rp_d1_00_data";vol_pd_as_rp_d1_00_data;72GB;17.49GB
"vserver=pd_as_rp_d1_00&amp;volume=vol_pd_as_rp_d1_00_logs";vol_pd_as_rp_d1_00_logs;100GB;7.60GB
"vserver=pd_as_st_d1_00&amp;volume=vol_pd_as_st_d1_00_data";vol_pd_as_st_d1_00_data;400GB;88.59GB
"vserver=pd_as_st_d1_00&amp;volume=vol_pd_as_st_d1_00_logs";vol_pd_as_st_d1_00_logs;94GB;56.76GB
"vserver=pd_dpt_if_d1_00&amp;volume=vol_pd_dpt_if_d1_00_data";vol_pd_dpt_if_d1_00_data;2.30TB;1.84TB
"vserver=pd_pdc_ut_d1_00&amp;volume=vol_pd_pdc_ut_d1_00_data";vol_pd_pdc_ut_d1_00_data;50GB;471.1MB
"vserver=hp_as_an_d2_50&amp;volume=vol_hp_as_an_d2_50_data";vol_hp_as_an_d2_50_data;100GB;13.30GB
"vserver=hp_as_an_d2_50&amp;volume=vol_hp_as_an_d2_50_logs";vol_hp_as_an_d2_50_logs;50GB;5.93GB
"vserver=hp_as_ap_d2_50&amp;volume=vol_hp_as_ap_d2_50_data";vol_hp_as_ap_d2_50_data;100GB;39.03GB
"vserver=hp_as_ap_d2_50&amp;volume=vol_hp_as_ap_d2_50_logs";vol_hp_as_ap_d2_50_logs;50GB;16.70GB
"vserver=hp_as_cj_d2_50&amp;volume=vol_hp_as_cj_d2_50_data";vol_hp_as_cj_d2_50_data;395GB;49.92GB
"vserver=hp_as_cj_d2_50&amp;volume=vol_hp_as_cj_d2_50_logs";vol_hp_as_cj_d2_50_logs;54GB;1.43GB
"vserver=hp_as_cn_d2_50&amp;volume=vol_hp_as_cn_d2_50_data";vol_hp_as_cn_d2_50_data;500GB;14.94GB
"vserver=hp_as_cn_d2_50&amp;volume=vol_hp_as_cn_d2_50_logs";vol_hp_as_cn_d2_50_logs;54GB;197.0MB
"vserver=hp_as_df_d2_50&amp;volume=vol_hp_as_df_d2_50_data";vol_hp_as_df_d2_50_data;2.50TB;661.4GB
"vserver=hp_as_df_d2_50&amp;volume=vol_hp_as_df_d2_50_logs";vol_hp_as_df_d2_50_logs;55GB;12.43GB
"vserver=hp_as_en_d2_50&amp;volume=vol_hp_as_en_d2_50_data";vol_hp_as_en_d2_50_data;556GB;333.9GB
"vserver=hp_as_en_d2_50&amp;volume=vol_hp_as_en_d2_50_logs";vol_hp_as_en_d2_50_logs;53GB;15.95GB
"vserver=hp_as_ep_d2_50&amp;volume=vol_hp_as_ep_d2_50_data";vol_hp_as_ep_d2_50_data;1000GB;344.1GB
"vserver=hp_as_ep_d2_50&amp;volume=vol_hp_as_ep_d2_50_logs";vol_hp_as_ep_d2_50_logs;54GB;2.92GB
"vserver=hp_as_et_d2_50&amp;volume=vol_hp_as_et_d2_50_data";vol_hp_as_et_d2_50_data;50GB;176.1MB
"vserver=hp_as_et_d2_50&amp;volume=vol_hp_as_et_d2_50_logs";vol_hp_as_et_d2_50_logs;50GB;17.03MB
"vserver=hp_as_ge_d2_50&amp;volume=vol_hp_as_ge_d2_50_data";vol_hp_as_ge_d2_50_data;220GB;106.4GB
"vserver=hp_as_ge_d2_50&amp;volume=vol_hp_as_ge_d2_50_logs";vol_hp_as_ge_d2_50_logs;54GB;321.8MB
"vserver=hp_as_if_d2_50&amp;volume=test";test;1GB;3.53MB
"vserver=hp_as_if_d2_50&amp;volume=vol_hp_as_if_d2_50_data";vol_hp_as_if_d2_50_data;90GB;12.89MB
"vserver=hp_as_if_d2_50&amp;volume=vol_hp_as_if_d2_50_logs";vol_hp_as_if_d2_50_logs;18GB;5.02MB
"vserver=hp_as_mn_d2_50&amp;volume=vol_hp_as_mn_d2_50_data";vol_hp_as_mn_d2_50_data;5.50TB;1.94TB
"vserver=hp_as_mn_d2_50&amp;volume=vol_hp_as_mn_d2_50_logs";vol_hp_as_mn_d2_50_logs;54GB;1.91GB
"vserver=hp_as_pl_d2_50&amp;volume=vol_hp_as_pl_d2_50_data";vol_hp_as_pl_d2_50_data;200GB;13.21GB
"vserver=hp_as_pl_d2_50&amp;volume=vol_hp_as_pl_d2_50_logs";vol_hp_as_pl_d2_50_logs;108GB;1.96GB
"vserver=hp_as_px_d2_50&amp;volume=vol_hp_as_px_d2_50_data";vol_hp_as_px_d2_50_data;54GB;2.14GB
"vserver=hp_as_px_d2_50&amp;volume=vol_hp_as_px_d2_50_logs";vol_hp_as_px_d2_50_logs;54GB;417.1MB
"vserver=hp_as_re_d2_50&amp;volume=vol_hp_as_re_d2_50_data";vol_hp_as_re_d2_50_data;610GB;261.3GB
"vserver=hp_as_re_d2_50&amp;volume=vol_hp_as_re_d2_50_logs";vol_hp_as_re_d2_50_logs;145GB;20.09GB
"vserver=hp_as_rh_d2_50&amp;volume=vol_hp_as_rh_d2_50_data";vol_hp_as_rh_d2_50_data;110GB;57.02GB
"vserver=hp_as_rh_d2_50&amp;volume=vol_hp_as_rh_d2_50_logs";vol_hp_as_rh_d2_50_logs;54GB;127.0MB
"vserver=hp_as_ri_d2_50&amp;volume=vol_hp_as_ri_d2_50_data";vol_hp_as_ri_d2_50_data;3TB;406.7GB
"vserver=hp_as_ri_d2_50&amp;volume=vol_hp_as_ri_d2_50_logs";vol_hp_as_ri_d2_50_logs;54GB;2.75GB
"vserver=hp_as_rp_d2_50&amp;volume=vol_hp_as_rp_d2_50_data";vol_hp_as_rp_d2_50_data;898GB;522.0GB
"vserver=hp_as_rp_d2_50&amp;volume=vol_hp_as_rp_d2_50_logs";vol_hp_as_rp_d2_50_logs;144GB;1.03GB
"vserver=hp_as_st_d2_50&amp;volume=vol_hp_as_st_d2_50_data";vol_hp_as_st_d2_50_data;234GB;48.17GB
"vserver=hp_as_st_d2_50&amp;volume=vol_hp_as_st_d2_50_logs";vol_hp_as_st_d2_50_logs;54GB;3.51GB
"vserver=hp_as_ut_d2_50&amp;volume=vol_hp_as_ut_d2_50_data";vol_hp_as_ut_d2_50_data;305GB;21.01GB
"vserver=hp_as_ut_d2_50&amp;volume=vol_hp_as_ut_d2_50_logs";vol_hp_as_ut_d2_50_logs;108GB;561.0MB
"vserver=hp_test_d2_50&amp;volume=vol_hp_test_d2_50_logs";vol_hp_test_d2_50_logs;18.15GB;13.23MB
"vserver=pd_as_an_d2_50&amp;volume=vol_pd_as_an_d2_50_data";vol_pd_as_an_d2_50_data;100GB;25.32MB
"vserver=pd_as_an_d2_50&amp;volume=vol_pd_as_an_d2_50_logs";vol_pd_as_an_d2_50_logs;20GB;10.82MB
"vserver=pd_as_ap_d2_50&amp;volume=vol_pd_as_ap_d2_50_data";vol_pd_as_ap_d2_50_data;120GB;81.85GB
"vserver=pd_as_ap_d2_50&amp;volume=vol_pd_as_ap_d2_50_logs";vol_pd_as_ap_d2_50_logs;32GB;14.39MB
"vserver=pd_as_cj_d2_50&amp;volume=vol_pd_as_cj_d2_50_data";vol_pd_as_cj_d2_50_data;10GB;2.78GB
"vserver=pd_as_cj_d2_50&amp;volume=vol_pd_as_cj_d2_50_logs";vol_pd_as_cj_d2_50_logs;5GB;428.6MB
"vserver=pd_as_cn_d2_50&amp;volume=vol_pd_as_cn_d2_50_data";vol_pd_as_cn_d2_50_data;10GB;5.45MB
"vserver=pd_as_cn_d2_50&amp;volume=vol_pd_as_cn_d2_50_logs";vol_pd_as_cn_d2_50_logs;5GB;7.73MB
"vserver=pd_as_df_d2_50&amp;volume=vol_pd_as_df_d2_50_data";vol_pd_as_df_d2_50_data;700GB;1.82GB
"vserver=pd_as_df_d2_50&amp;volume=vol_pd_as_df_d2_50_logs";vol_pd_as_df_d2_50_logs;5GB;13.72MB
"vserver=pd_as_en_d2_50&amp;volume=vol_pd_as_en_d2_50_data";vol_pd_as_en_d2_50_data;200GB;67.12GB
"vserver=pd_as_en_d2_50&amp;volume=vol_pd_as_en_d2_50_logs";vol_pd_as_en_d2_50_logs;10GB;104.2MB
"vserver=pd_as_ep_d2_50&amp;volume=vol_pd_as_ep_d2_50_data";vol_pd_as_ep_d2_50_data;10GB;3.39MB
"vserver=pd_as_ep_d2_50&amp;volume=vol_pd_as_ep_d2_50_logs";vol_pd_as_ep_d2_50_logs;5GB;3.01MB
"vserver=pd_as_ge_d2_50&amp;volume=vol_pd_as_ge_d2_50_data";vol_pd_as_ge_d2_50_data;10GB;5.39MB
"vserver=pd_as_ge_d2_50&amp;volume=vol_pd_as_ge_d2_50_logs";vol_pd_as_ge_d2_50_logs;5GB;58.37MB
"vserver=pd_as_if_d2_50&amp;volume=vol_pd_as_if_d2_50_data";vol_pd_as_if_d2_50_data;100GB;27.82MB
"vserver=pd_as_if_d2_50&amp;volume=vol_pd_as_if_d2_50_logs";vol_pd_as_if_d2_50_logs;20GB;12.59MB
"vserver=pd_as_mn_d2_50&amp;volume=vol_pd_as_mn_d2_50_data";vol_pd_as_mn_d2_50_data;10GB;652.2MB
"vserver=pd_as_mn_d2_50&amp;volume=vol_pd_as_mn_d2_50_logs";vol_pd_as_mn_d2_50_logs;7.80GB;4.41GB
"vserver=pd_as_px_d2_50&amp;volume=vol_pd_as_px_d2_50_data";vol_pd_as_px_d2_50_data;10GB;13.32MB
"vserver=pd_as_px_d2_50&amp;volume=vol_pd_as_px_d2_50_logs";vol_pd_as_px_d2_50_logs;5GB;20.16MB
"vserver=pd_as_re_d2_50&amp;volume=vol_pd_as_re_d2_50_data";vol_pd_as_re_d2_50_data;18GB;6.63GB
"vserver=pd_as_re_d2_50&amp;volume=vol_pd_as_re_d2_50_logs";vol_pd_as_re_d2_50_logs;18GB;4.23GB
"vserver=pd_as_rh_d2_50&amp;volume=vol_pd_as_rh_d2_50_data";vol_pd_as_rh_d2_50_data;10GB;7.59MB
"vserver=pd_as_rh_d2_50&amp;volume=vol_pd_as_rh_d2_50_logs";vol_pd_as_rh_d2_50_logs;5GB;6.20MB
"vserver=pd_as_ri_d2_50&amp;volume=vol_pd_as_ri_d2_50_data";vol_pd_as_ri_d2_50_data;50GB;16.68MB
"vserver=pd_as_ri_d2_50&amp;volume=vol_pd_as_ri_d2_50_logs";vol_pd_as_ri_d2_50_logs;10GB;6.34MB
"vserver=pd_as_rp_d2_50&amp;volume=vol_pd_as_rp_d2_50_data";vol_pd_as_rp_d2_50_data;10GB;1.14GB
"vserver=pd_as_rp_d2_50&amp;volume=vol_pd_as_rp_d2_50_logs";vol_pd_as_rp_d2_50_logs;5GB;31.78MB
"vserver=pd_as_st_d2_50&amp;volume=vol_pd_as_st_d2_50_data";vol_pd_as_st_d2_50_data;50GB;16.39MB
"vserver=pd_as_st_d2_50&amp;volume=vol_pd_as_st_d2_50_logs";vol_pd_as_st_d2_50_logs;10GB;7.25MB
"vserver=pd_as_ut_d2_50&amp;volume=vol_pd_as_ut_d2_50_data";vol_pd_as_ut_d2_50_data;50GB;16.95MB
"vserver=pd_as_ut_d2_50&amp;volume=vol_pd_as_ut_d2_50_logs";vol_pd_as_ut_d2_50_logs;10GB;5.04MB
"vserver=pd_dpt_if_d2_50&amp;volume=vol_pd_dpt_if_d2_50_data";vol_pd_dpt_if_d2_50_data;3.20TB;1.72TB
"vserver=pd_pdc_ut_d2_50&amp;volume=vol_pd_pdc_ut_d2_50_data";vol_pd_pdc_ut_d2_50_data;50GB;13.74GB
"vserver=pp_as_an_d2_50&amp;volume=vol_pp_as_an_d2_50_data";vol_pp_as_an_d2_50_data;50GB;16.70MB
"vserver=pp_as_an_d2_50&amp;volume=vol_pp_as_an_d2_50_logs";vol_pp_as_an_d2_50_logs;10GB;8.50MB
"vserver=pp_as_ap_d2_50&amp;volume=vol_pp_as_ap_d2_50_data";vol_pp_as_ap_d2_50_data;40GB;3.55GB
"vserver=pp_as_ap_d2_50&amp;volume=vol_pp_as_ap_d2_50_logs";vol_pp_as_ap_d2_50_logs;40GB;3.92GB
"vserver=pp_as_cj_d2_50&amp;volume=vol_pp_as_cj_d2_50_data";vol_pp_as_cj_d2_50_data;54GB;6.31GB
"vserver=pp_as_cj_d2_50&amp;volume=vol_pp_as_cj_d2_50_logs";vol_pp_as_cj_d2_50_logs;18GB;79.02MB
"vserver=pp_as_cn_d2_50&amp;volume=vol_pp_as_cn_d2_50_data";vol_pp_as_cn_d2_50_data;306GB;945.5MB
"vserver=pp_as_cn_d2_50&amp;volume=vol_pp_as_cn_d2_50_logs";vol_pp_as_cn_d2_50_logs;18GB;28.37MB
"vserver=pp_as_df_d2_50&amp;volume=vol_pp_as_df_d2_50_data";vol_pp_as_df_d2_50_data;30GB;12.36GB
"vserver=pp_as_df_d2_50&amp;volume=vol_pp_as_df_d2_50_logs";vol_pp_as_df_d2_50_logs;18GB;13.46MB
"vserver=pp_as_en_d2_50&amp;volume=vol_pp_as_en_d2_50_data";vol_pp_as_en_d2_50_data;198GB;99.94GB
"vserver=pp_as_en_d2_50&amp;volume=vol_pp_as_en_d2_50_logs";vol_pp_as_en_d2_50_logs;108GB;313.7MB
"vserver=pp_as_ep_d2_50&amp;volume=vol_pp_as_ep_d2_50_data";vol_pp_as_ep_d2_50_data;700GB;1.65GB
"vserver=pp_as_ep_d2_50&amp;volume=vol_pp_as_ep_d2_50_logs";vol_pp_as_ep_d2_50_logs;36GB;514.8MB
"vserver=pp_as_ge_d2_50&amp;volume=vol_pp_as_ge_d2_50_data";vol_pp_as_ge_d2_50_data;54GB;45.79GB
"vserver=pp_as_ge_d2_50&amp;volume=vol_pp_as_ge_d2_50_logs";vol_pp_as_ge_d2_50_logs;18GB;967.1MB
"vserver=pp_as_mn_d2_50&amp;volume=vol_pp_as_mn_d2_50_data";vol_pp_as_mn_d2_50_data;341GB;751.4MB
"vserver=pp_as_mn_d2_50&amp;volume=vol_pp_as_mn_d2_50_logs";vol_pp_as_mn_d2_50_logs;18GB;29.02MB
"vserver=pp_as_pl_d2_50&amp;volume=vol_pp_as_pl_d2_50_data";vol_pp_as_pl_d2_50_data;200GB;560.2MB
"vserver=pp_as_pl_d2_50&amp;volume=vol_pp_as_pl_d2_50_logs";vol_pp_as_pl_d2_50_logs;18GB;3.63GB
"vserver=pp_as_px_d2_50&amp;volume=vol_pp_as_px_d2_50_data";vol_pp_as_px_d2_50_data;18GB;15.27MB
"vserver=pp_as_px_d2_50&amp;volume=vol_pp_as_px_d2_50_logs";vol_pp_as_px_d2_50_logs;18GB;20.68MB
"vserver=pp_as_re_d2_50&amp;volume=vol_pp_as_re_d2_50_data";vol_pp_as_re_d2_50_data;54GB;47.19MB
"vserver=pp_as_re_d2_50&amp;volume=vol_pp_as_re_d2_50_logs";vol_pp_as_re_d2_50_logs;18GB;8.15MB
"vserver=pp_as_rh_d2_50&amp;volume=vol_pp_as_rh_d2_50_data";vol_pp_as_rh_d2_50_data;18GB;8.73MB
"vserver=pp_as_rh_d2_50&amp;volume=vol_pp_as_rh_d2_50_logs";vol_pp_as_rh_d2_50_logs;18GB;15.50MB
"vserver=pp_as_ri_d2_50&amp;volume=vol_pp_as_ri_d2_50_data";vol_pp_as_ri_d2_50_data;1000GB;459.0GB
"vserver=pp_as_ri_d2_50&amp;volume=vol_pp_as_ri_d2_50_logs";vol_pp_as_ri_d2_50_logs;18GB;35.20MB
"vserver=pp_as_rp_d2_50&amp;volume=vol_pp_as_rp_d2_50_data";vol_pp_as_rp_d2_50_data;126GB;9.95GB
"vserver=pp_as_rp_d2_50&amp;volume=vol_pp_as_rp_d2_50_logs";vol_pp_as_rp_d2_50_logs;18GB;334.9MB
"vserver=pp_as_st_d2_50&amp;volume=vol_pp_as_st_d2_50_data";vol_pp_as_st_d2_50_data;110GB;20.06GB
"vserver=pp_as_st_d2_50&amp;volume=vol_pp_as_st_d2_50_logs";vol_pp_as_st_d2_50_logs;36GB;186.6MB
"vserver=pp_as_ut_d2_50&amp;volume=vol_pp_as_ut_d2_50_data";vol_pp_as_ut_d2_50_data;90GB;56.33MB
"vserver=pp_as_ut_d2_50&amp;volume=vol_pp_as_ut_d2_50_logs";vol_pp_as_ut_d2_50_logs;18GB;26.51MB
"vserver=pd_as_an_d2_00&amp;volume=vol_pd_as_an_d2_00_data";vol_pd_as_an_d2_00_data;100GB;133.6MB
"vserver=pd_as_an_d2_00&amp;volume=vol_pd_as_an_d2_00_logs";vol_pd_as_an_d2_00_logs;20GB;4.25MB
"vserver=pd_as_ap_d2_00&amp;volume=vol_pd_as_ap_d2_00_data";vol_pd_as_ap_d2_00_data;10GB;528.8MB
"vserver=pd_as_ap_d2_00&amp;volume=vol_pd_as_ap_d2_00_logs";vol_pd_as_ap_d2_00_logs;5GB;565.3MB
"vserver=pd_as_if_d2_00&amp;volume=vol_pd_as_if_d2_00_data";vol_pd_as_if_d2_00_data;800GB;399.6GB
"vserver=pd_as_if_d2_00&amp;volume=vol_pd_as_if_d2_00_logs";vol_pd_as_if_d2_00_logs;20GB;4.55MB
"vserver=pd_as_px_d2_00&amp;volume=vol_pd_as_px_d2_00_data";vol_pd_as_px_d2_00_data;10GB;3.11MB
"vserver=pd_as_px_d2_00&amp;volume=vol_pd_as_px_d2_00_logs";vol_pd_as_px_d2_00_logs;5GB;71.00MB
"vserver=pd_as_re_d2_00&amp;volume=vol_pd_as_re_d2_00_data";vol_pd_as_re_d2_00_data;18GB;119.0MB
"vserver=pd_as_re_d2_00&amp;volume=vol_pd_as_re_d2_00_logs";vol_pd_as_re_d2_00_logs;18GB;66MB
"vserver=pd_as_ri_d2_00&amp;volume=vol_pd_as_ri_d2_00_data";vol_pd_as_ri_d2_00_data;100GB;2.67GB
"vserver=pd_as_ri_d2_00&amp;volume=vol_pd_as_ri_d2_00_logs";vol_pd_as_ri_d2_00_logs;5GB;802.2MB
"vserver=pd_as_rp_d2_00&amp;volume=vol_pd_as_rp_d2_00_data";vol_pd_as_rp_d2_00_data;50GB;1.66GB
"vserver=pd_as_rp_d2_00&amp;volume=vol_pd_as_rp_d2_00_logs";vol_pd_as_rp_d2_00_logs;18GB;813.7MB
"vserver=pd_as_st_d2_00&amp;volume=vol_pd_as_st_d2_00_data";vol_pd_as_st_d2_00_data;10GB;678.0MB
"vserver=pd_as_st_d2_00&amp;volume=vol_pd_as_st_d2_00_logs";vol_pd_as_st_d2_00_logs;5GB;69.20MB
"vserver=pd_dpt_if_d2_00&amp;volume=vol_pd_dpt_if_d2_00_data";vol_pd_dpt_if_d2_00_data;1.50TB;1.25TB
"vserver=pd_pdc_ut_d2_00&amp;volume=vol_pd_pdc_ut_d2_00_data";vol_pd_pdc_ut_d2_00_data;50GB;31.98MB
"vserver=pp_as_ap_d2_00&amp;volume=vol_pp_as_ap_d2_00_data";vol_pp_as_ap_d2_00_data;40GB;1.20GB
"vserver=pp_as_ap_d2_00&amp;volume=vol_pp_as_ap_d2_00_logs";vol_pp_as_ap_d2_00_logs;40GB;44.70MB
"vserver=pp_as_df_d2_00&amp;volume=vol_pp_as_df_d2_00_data";vol_pp_as_df_d2_00_data;1017GB;347.1GB
"vserver=pp_as_df_d2_00&amp;volume=vol_pp_as_df_d2_00_logs";vol_pp_as_df_d2_00_logs;54GB;2.07GB
"vserver=pp_as_en_d2_00&amp;volume=vol_pp_as_en_d2_00_data";vol_pp_as_en_d2_00_data;36GB;25.34MB
"vserver=pp_as_en_d2_00&amp;volume=vol_pp_as_en_d2_00_logs";vol_pp_as_en_d2_00_logs;18GB;19.53MB
"vserver=pp_as_mn_d2_00&amp;volume=vol_pp_as_mn_d2_00_data";vol_pp_as_mn_d2_00_data;18GB;9.04MB
"vserver=pp_as_mn_d2_00&amp;volume=vol_pp_as_mn_d2_00_logs";vol_pp_as_mn_d2_00_logs;18GB;21.21MB
"vserver=pp_as_pl_d2_00&amp;volume=vol_pp_as_pl_d2_00_data";vol_pp_as_pl_d2_00_data;18GB;54.96MB
"vserver=pp_as_pl_d2_00&amp;volume=vol_pp_as_pl_d2_00_logs";vol_pp_as_pl_d2_00_logs;18GB;43.21MB
"vserver=pp_as_px_d2_00&amp;volume=vol_pp_as_px_d2_00_data";vol_pp_as_px_d2_00_data;18GB;5.01GB
"vserver=pp_as_px_d2_00&amp;volume=vol_pp_as_px_d2_00_logs";vol_pp_as_px_d2_00_logs;18GB;244.8MB
"vserver=pp_as_re_d2_00&amp;volume=vol_pp_as_re_d2_00_data";vol_pp_as_re_d2_00_data;844GB;144.5GB
"vserver=pp_as_re_d2_00&amp;volume=vol_pp_as_re_d2_00_logs";vol_pp_as_re_d2_00_logs;108GB;4.34GB
"vserver=pp_as_rh_d2_00&amp;volume=vol_pp_as_rh_d2_00_data";vol_pp_as_rh_d2_00_data;251GB;76.87MB
"vserver=pp_as_rh_d2_00&amp;volume=vol_pp_as_rh_d2_00_logs";vol_pp_as_rh_d2_00_logs;18GB;27.67MB
"vserver=pp_as_ri_d2_00&amp;volume=vol_pp_as_ri_d2_00_data";vol_pp_as_ri_d2_00_data;1.50TB;204.4GB
"vserver=pp_as_ri_d2_00&amp;volume=vol_pp_as_ri_d2_00_logs";vol_pp_as_ri_d2_00_logs;53GB;3.63GB
"vserver=pp_as_rp_d2_00&amp;volume=vol_pp_as_rp_d2_00_data";vol_pp_as_rp_d2_00_data;18GB;785.2MB
"vserver=pp_as_rp_d2_00&amp;volume=vol_pp_as_rp_d2_00_logs";vol_pp_as_rp_d2_00_logs;36GB;12.73GB
"vserver=pp_as_st_d2_00&amp;volume=vol_pp_as_st_d2_00_data";vol_pp_as_st_d2_00_data;395GB;30.53GB
"vserver=pp_as_st_d2_00&amp;volume=vol_pp_as_st_d2_00_logs";vol_pp_as_st_d2_00_logs;54GB;1023MB
"vserver=pp_as_tt_d2_00&amp;volume=vol_pp_as_tt_d2_00_data";vol_pp_as_tt_d2_00_data;50GB;6.38MB
"vserver=pp_as_tt_d2_00&amp;volume=vol_pp_as_tt_d2_00_logs";vol_pp_as_tt_d2_00_logs;50GB;6.80MB
